,State FIPS,County FIPS,Population Staying at Home,Population Not Staying at Home,Number of Trips,Number of Trips <1,Number of Trips 1-3,Number of Trips 3-5,Number of Trips 5-10,Number of Trips 10-25,Number of Trips 25-50,Number of Trips 50-100,Number of Trips 100-250,Number of Trips 250-500,Number of Trips >=500,Level,State Postal Code,County Name,Ac_Land,Ac_Unpr,TotPop,AutoOwn0,AutoOwn1,AutoOwn2p,Workers,R_LowWageWk,R_MedWageWk,R_HiWageWk,totWalkInd,weightedIndex,percent_Population Staying at Home,percent_Population Not Staying at Home,Number of Trips_perPerson,Number of Trips <1_perPerson,Number of Trips 1-3_perPerson,Number of Trips 3-5_perPerson,Number of Trips 5-10_perPerson,Number of Trips 10-25_perPerson,Number of Trips 25-50_perPerson,Number of Trips 50-100_perPerson,Number of Trips 100-250_perPerson,Number of Trips 250-500_perPerson,Number of Trips >=500_perPerson,Ac_Land_perPerson,Ac_Unpr_perPerson,percent_AutoOwn0,percent_AutoOwn1,percent_AutoOwn2p,percent_R_LowWageWk,percent_R_MedWageWk,percent_R_HiWageWk
1828,36.0,36001.0,62054.75177304965,243451.24822695035,1622054.8439716313,519642.3333333333,399318.3333333333,195055.04255319148,271645.21276595746,180489.82978723405,33443.0,11795.432624113475,8939.645390070922,761.2907801418439,964.7234042553191,County,NY,Albany County,334603.2467256,316731.11424272,307426,17228,47143,61637,146075,32457,40927,72691,3369295.500039122,10.95969599200823,0.20185264672815456,0.7919019478734731,5.276244832810599,1.6903005384493612,1.2989087888901176,0.6344780290319995,0.8836117074221356,0.5871000819294205,0.1087839024675857,0.03836836384727861,0.029079015405564013,0.002476338306265065,0.003138067060870971,1.088402564277582,1.030267818085393,0.056039502189144705,0.1533474722372213,0.20049377736430882,0.2221940783843916,0.2801779907581722,0.49762793085743623
1829,36.0,36003.0,6492.2836879432625,39598.716312056735,292331.6382978723,50651.0,63272.02127659575,54734.624113475176,48800.255319148935,53734.22695035461,12668.439716312057,6335.631205673759,1969.0921985815603,126.29078014184397,40.05673758865248,County,NY,Allegany County,658775.9322068,630225.347825563,47025,1644,6324,10041,17469,4789,6206,6474,261744.000000984,5.566060606081531,0.13806025918008002,0.8420779651686706,6.216515434298189,1.0771079213184476,1.345497528476252,1.1639473495688502,1.0377513092854638,1.1426736193589497,0.269397973765275,0.13472899958902199,0.04187330565830006,0.0026856093597414986,0.0008518179178873468,14.009057569522593,13.401921272207614,0.03496012759170654,0.134481658692185,0.21352472089314195,0.27414276718758945,0.35525788539698894,0.3705993474154216
1830,36.0,36005.0,438314.3829787234,979892.6170212766,5026659.730496454,1477709.8439716313,1169505.070921986,659419.5886524823,798487.0212765958,790718.1205673759,76185.06382978724,29323.90070921986,19989.475177304965,1840.9290780141844,3480.7163120567375,County,NY,Bronx County,26911.5549944,21451.3432694,1437872,292462,148883,58383,563092,129300,220533,213259,18856946.166596618,13.114481794343737,0.30483546725906296,0.6814880719711328,3.4959020903783187,1.0277061129027,0.8133582620163589,0.45860799059476937,0.5553255236047407,0.549922469153983,0.05298459378149601,0.02039395767441042,0.013902124234497205,0.0012803149918867497,0.002420741423476316,0.01871623829826299,0.014918812849405232,0.203399189913984,0.10354398722556667,0.0406037533243571,0.22962499911204565,0.3916464805040739,0.37872852038388044
1831,36.0,36007.0,37753.75886524823,152734.24113475176,1025434.4255319149,303503.9929078014,253423.82269503546,129980.24822695035,169575.35460992908,125569.74468085106,24152.609929078015,12670.687943262412,5397.730496453901,791.4255319148937,368.8085106382979,County,NY,Broome County,451714.00949160004,444383.6866127,194402,9503,29212,39879,81399,20179,28583,32637,1310400.666674688,6.740674821630889,0.19420458053542777,0.7856618817437668,5.274814176458652,1.561218469500321,1.3036070755189528,0.6686157973012127,0.8722922326412746,0.6459282552692414,0.12424054242794835,0.06517776536899009,0.02776581772025957,0.004071077107822418,0.0018971436026290773,2.323607830637545,2.2859007963534324,0.04888324194195533,0.15026594376601063,0.20513677842820546,0.24790230838216687,0.3511468199855035,0.4009508716323296
1832,36.0,36009.0,13333.72340425532,62783.27659574468,426485.390070922,114037.95035460993,99244.09219858157,47366.70212765958,68868.69503546099,65194.86524822695,22804.163120567377,6593.397163120568,1966.3687943262412,264.92198581560285,144.2340425531915,County,NY,Cattaraugus County,837279.6722247,739134.8814505,77686,3544,11110,16779,30912,8212,11490,11210,473255.499996555,6.091902015762878,0.17163611724448832,0.808167193519356,5.489861623341683,1.4679343814150545,1.2775029245756193,0.6097199254390698,0.8865007213070694,0.8392099638059233,0.29354276343958213,0.08487239867055284,0.025311752366272446,0.0034101638109260723,0.0018566285116133087,10.77774209284427,9.514389741401281,0.045619545349226374,0.14301161084365266,0.21598486213732204,0.2656573498964803,0.3717003105590062,0.36264233954451347
1833,36.0,36011.0,13171.63829787234,63404.36170212766,445289.9574468085,112436.51063829787,116282.0780141844,57893.765957446805,69620.63829787234,61527.765957446805,20238.96453900709,4781.985815602837,2114.5602836879434,255.59574468085106,138.0921985815603,County,NY,Cayuga County,442603.1750198,423819.55664088,77868,3304,10752,17195,34908,8500,11576,14832,603126.333322745,7.745496652318604,0.16915341729429725,0.8142544010649774,5.718523108938313,1.4439373123529289,1.4933230340343195,0.7434859757210511,0.8940853533912819,0.7901546971470541,0.25991375839891984,0.061411437504531215,0.027155703031899413,0.003282423391904904,0.0017734139644213322,5.684018788459958,5.4427949432485745,0.042430780294857966,0.13807982740021574,0.22082241742435918,0.24349719262060274,0.3316145296207173,0.42488827775867993
1834,36.0,36013.0,24039.212765957447,102863.78723404255,707772.4113475177,201249.59574468085,184529.97163120567,80304.9219858156,94762.2695035461,98468.78723404255,34503.97163120568,10564.7304964539,2601.496453900709,567.8297872340426,218.8368794326241,County,NY,Chautauqua County,678548.3313276999,653924.5189848,129656,5919,20161,26492,50719,13603,18805,18311,890121.000000003,6.865251126056665,0.18540763841208618,0.7933592524375467,5.458848116149794,1.5521811234704206,1.4232273988955826,0.6193691150877367,0.7308745411207047,0.7594618624208872,0.26611935915966617,0.08148277361983942,0.02006460521611579,0.004379510298281935,0.001687826860558895,5.233451065339822,5.043534575991855,0.045651570309125686,0.15549608193990253,0.2043252915406923,0.2682032374455332,0.37076835111102346,0.3610284114434433
1835,36.0,36015.0,17350.801418439718,66105.19858156028,416323.9858156028,111708.12765957447,110997.75886524822,47295.51773049645,76158.76595744681,51012.68794326241,12253.482269503545,4229.120567375887,2414.7163120567375,102.95035460992908,150.8581560283688,County,NY,Chemung County,260699.94588780002,256424.25447245,85740,3846,11926,18601,34493,8426,11746,14321,593076.666643034,6.91715263171255,0.20236530695637647,0.7709960179794761,4.8556564709074275,1.3028706281732503,1.2945854777845605,0.5516155555224685,0.8882524604320832,0.5949695351441849,0.14291441881856246,0.049324942469977685,0.028163241334928125,0.0012007272522734905,0.0017594839751384277,3.0405871925332404,2.9907190864526476,0.04485654303708887,0.1390949381852111,0.2169465826918591,0.24428144840982227,0.3405328617400632,0.4151856898501145
1836,36.0,36017.0,8476.36170212766,38730.63829787234,244946.82269503546,44795.645390070924,54736.85106382979,32344.55319148936,38370.985815602835,47616.44680851064,19835.31914893617,5816.0,1292.7446808510638,82.23404255319149,56.04255319148936,County,NY,Chenango County,571886.7326824,541216.16426649,48348,1650,7183,11783,20597,4667,7549,8381,246402.000000739,5.0964259121522915,0.17531980024256763,0.8010804645046815,5.0663279286637595,0.9265253038403021,1.132143026884872,0.6689946469655282,0.7936416359643178,0.9848690082011798,0.4102614203056211,0.12029453131463556,0.02673832797325771,0.0017008778554064592,0.0011591493586392272,11.82854994379085,11.19417895810561,0.034127575080665176,0.14856871018449574,0.2437122528336229,0.2265863960770986,0.36650968587658395,0.4069039180463174
1837,36.0,36019.0,14558.18439716312,65926.81560283688,424178.7943262411,88734.8439716312,126014.36879432623,42496.29787234042,75178.62411347518,67748.92907801419,18230.652482269503,3662.0141843971633,1768.354609929078,250.82978723404256,93.87943262411348,County,NY,Clinton County,664150.2324124,591038.15679175,80794,2916,10535,17944,34095,7910,11992,14193,447062.000007379,5.533356437450541,0.18018892983591753,0.815986528737739,5.250127414489208,1.0982850703224398,1.5596995914836032,0.5259833387669929,0.9304976126132531,0.8385391127808276,0.22564364287285568,0.04532532346952946,0.02188720214284573,0.0031045595865292295,0.0011619604503318745,8.220291511899397,7.3153718938504095,0.036091788994232245,0.13039334604054756,0.22209570017575564,0.23199882680744977,0.35172312655814636,0.4162780466344039
1838,36.0,36021.0,9797.631205673759,49663.36879432624,315418.2978723404,59050.49645390071,82581.22695035461,38604.765957446805,52788.32624113475,58033.85106382979,17527.35460992908,4757.666666666667,1774.985815602837,196.87943262411346,102.74468085106383,County,NY,Columbia County,406175.7587457,393060.82632116997,60919,1808,8440,14995,27288,6631,8737,11920,370040.000004342,6.074295375898193,0.1608304667784067,0.8152361134346631,5.177667031178129,0.9693280660204651,1.355590652347455,0.633706494811911,0.8665330396286012,0.9526395880403452,0.2877157308873928,0.07809823973910712,0.029136817997715607,0.0032318231196197156,0.00168657858551624,6.667472524921617,6.452187762786158,0.029678753754986128,0.13854462482969188,0.24614652243142535,0.2430005863383172,0.32017736734095575,0.4368220463207271
1839,36.0,36023.0,9168.489361702128,38412.51063829787,251316.8085106383,64223.81560283688,57973.354609929076,31337.517730496453,38208.86524822695,38860.95035460993,15587.985815602837,3554.418439716312,1348.3758865248226,154.12056737588654,67.40425531914893,County,NY,Cortland County,319207.6785025,286684.8604855,48123,1475,5747,10463,20249,4854,7119,8276,310017.000004051,6.442179415332607,0.190521982455419,0.7982152118175897,5.222384483732068,1.3345763066067553,1.2046911998405976,0.6511962622965413,0.7939834434309364,0.8075338269561317,0.323919660362048,0.07386111505343208,0.028019364680606416,0.003202638392782797,0.0014006661122363305,6.633162489921659,5.957335587671176,0.030650624441535233,0.11942314485796812,0.2174220227334123,0.23971554150822263,0.35157291718109535,0.408711541310682
1840,36.0,36025.0,7729.078014184397,36405.9219858156,243360.74468085106,49623.14893617021,44831.94326241135,44243.964539007095,39668.475177304965,41504.17021276596,15631.156028368794,5973.936170212766,1766.127659574468,86.50354609929079,31.319148936170212,County,NY,Delaware County,923130.4509898,828586.4838639,45502,1575,6839,10616,17107,4285,6151,6671,241851.500004717,5.315183948061997,0.16986237998734993,0.8000949845241,5.348352702757045,1.0905707207632678,0.985274125585938,0.9723520842821655,0.8717962985650074,0.9121394710730508,0.34352679065467,0.131289529475908,0.038814286395641245,0.0019010932728075862,0.0006883026885888579,20.28768957386049,18.209891518260736,0.034613863126895524,0.1503010856665641,0.2333084260032526,0.25048225872449875,0.359560413865669,0.38995732740983224
1841,36.0,36027.0,56859.1914893617,237358.8085106383,1474525.0992907803,373363.75886524824,416757.3333333333,161434.6595744681,214737.47517730496,198409.18439716313,65968.36170212766,37087.87234042553,5261.5390070921985,482.8581560283688,1022.0567375886525,County,NY,Dutchess County,509204.1133805,483940.61267048,293894,8778,34823,63746,131953,29244,35565,67144,2041413.66667095,6.946088272203413,0.1934683644081257,0.8076340738859531,5.017200416785577,1.270402794426726,1.4180532210025836,0.5492955268718248,0.7306630117569769,0.6751045764703026,0.22446311153724696,0.12619472442590024,0.017902845948172465,0.001642967042635674,0.003477637303206777,1.7326114632503555,1.6466501958885855,0.029867911559950187,0.11848829850218105,0.21690133177267995,0.2216243662516199,0.2695277864087971,0.508847847339583
1842,36.0,36029.0,178093.5744680851,740608.4255319149,5001104.368794327,1589923.2340425532,1265016.1063829786,629833.1418439717,787668.6879432624,574741.695035461,101644.0,31587.290780141844,14481.198581560284,3376.177304964539,2832.8368794326243,County,NY,Erie County,667330.2539856,636119.08299774,919866,51601,151162,185084,427240,109056,131882,186302,10084683.833375536,10.963209677687333,0.1936081716990139,0.8051264266011734,5.436774887640511,1.7284291777743206,1.3752178104017092,0.6847009693194136,0.8562863372961522,0.6248102387037471,0.11049870307196918,0.03433901326947821,0.0157427262031212,0.003670292526264194,0.003079619074335419,0.7254646372249871,0.6915345093717346,0.05609621401378027,0.16433045682740746,0.20120756718913407,0.2552569984083887,0.3086836438535718,0.4360593577380395
1843,36.0,36031.0,5980.964539007092,30904.03546099291,196395.3475177305,41780.12765957447,45299.744680851065,21781.957446808512,40207.49645390071,29673.09219858156,11738.851063829787,4553.404255319149,1110.2198581560283,184.73758865248226,65.71631205673759,County,NY,Essex County,1148210.5002267,578773.11427,37751,1267,5118,9040,15699,3946,5642,6111,213612.166662593,5.658450548663426,0.15843194985582082,0.8186282604697335,5.20238795045775,1.1067290312726674,1.1999614495205708,0.576990210770801,1.0650710300098198,0.7860213556881025,0.31095470487748106,0.12061678512672908,0.02940901852019889,0.004893581326388235,0.0017407833449905325,30.415366486363276,15.33133199835766,0.03356202484702392,0.13557256761410294,0.23946385526211225,0.25135358940059876,0.35938594814956365,0.3892604624498376
1844,36.0,36033.0,9607.368794326241,40414.63120567376,267241.8226950355,68211.87943262412,66160.87234042553,31082.85106382979,41915.09929078014,42135.14893617021,11504.14184397163,4456.432624113475,1523.4326241134752,211.75886524822695,40.205673758865245,County,NY,Franklin County,1042674.0818347,751209.56652477,50692,1834,6603,10651,18085,4382,6866,6837,282497.999996205,5.5728320049752424,0.18952435876126886,0.7972585655660411,5.271873721593851,1.3456142869214889,1.305154113872515,0.61317073825909,0.826858267394858,0.8311991820439164,0.22694196015094356,0.08791195107933156,0.030052722798735013,0.004177362606490708,0.0007931364664812051,20.56880931576383,14.819095054935097,0.0361792787816618,0.13025723980115206,0.21011204923853863,0.2423002488249931,0.3796516450096765,0.3780481061653304
1845,36.0,36035.0,10012.27659574468,43370.72340425532,296134.5106382979,84768.9219858156,69250.0,37574.97163120568,43786.78723404255,36844.04964539007,15719.588652482269,6232.886524822695,1595.2340425531916,230.86524822695034,131.20567375886526,County,NY,Fulton County,317087.288932,234188.53530148,53743,2091,8118,12230,23706,5458,8924,9324,352535.666659789,6.559657381608563,0.18629917562742462,0.8070022775850868,5.510196874724111,1.5773016390193253,1.2885399028710716,0.6991602930838561,0.8147440082251187,0.6855599733061063,0.292495555746465,0.11597578335453351,0.02968263853065872,0.004295726852370548,0.0024413537346047905,5.900066779524775,4.357563502251084,0.03890739259066297,0.151052230057868,0.2275645200305156,0.23023707078376782,0.3764447819117523,0.3933181473044799
1846,36.0,36037.0,10454.347517730497,46825.65248226951,334356.3546099291,101123.85106382979,70784.65957446808,28374.347517730497,41965.425531914894,62480.31914893617,24356.971631205673,3634.028368794326,1288.5106382978724,245.92198581560282,102.31914893617021,County,NY,Genesee County,315473.9213979,294277.0798755,58112,1940,7747,13994,27630,6633,9449,11548,332519.333326485,5.722042492540009,0.17989997793451434,0.8057828414487457,5.753654229934077,1.7401543754100666,1.2180730240650481,0.4882700219873778,0.7221473281235354,1.075170690200581,0.4191384160105602,0.06253490447402131,0.022172884056612618,0.004231862366044927,0.0017607232402286998,5.428722491015624,5.063964067240845,0.033383810572687224,0.13331153634361234,0.24081084801762115,0.24006514657980457,0.3419833514296055,0.41795150199058995
1847,36.0,36039.0,7304.141843971631,39883.85815602837,263302.02127659577,57679.14893617021,74146.56737588653,29623.794326241135,39206.43971631206,39642.32624113475,17067.63120567376,3555.0567375886526,2192.028368794326,144.58156028368793,44.4468085106383,County,NY,Greene County,414174.3163229,319920.5864059,47617,1537,6026,9554,19788,4986,6360,8442,259911.333338455,5.458372710134091,0.15339357464711406,0.8375970379492276,5.529580218757918,1.2113142141707838,1.5571448721231185,0.6221264322876522,0.8233706389800294,0.8325246496237636,0.3584356680528752,0.07465940184364098,0.0460345752314158,0.0030363433287205815,0.0009334231159173887,8.698034658271206,6.718621215236156,0.03227838797068274,0.12655144171199362,0.2006426276329882,0.25197089144936324,0.32140691328077625,0.4266221952698605
1848,36.0,36041.0,828.3971631205674,3587.6028368794327,19322.163120567377,2720.5886524822695,2077.758865248227,1864.8439716312057,3373.595744680851,5446.347517730496,2716.276595744681,846.3900709219859,208.4255319148936,64.79432624113475,3.141843971631206,County,NY,Hamilton County,1099098.16906,317801.32193,4575,51,364,709,1659,565,584,510,23768.166666049,5.195227686568088,0.18107041816843003,0.7841754834709143,4.223423632910902,0.5946641863349222,0.4541549432236561,0.4076161686625586,0.737397976979421,1.1904584738208734,0.5937216602720614,0.185003294190598,0.04555749331473084,0.014162694260357324,0.0006867418517226679,240.24003695300547,69.46476982076503,0.011147540983606558,0.07956284153005465,0.1549726775956284,0.3405666063893912,0.35201928872814947,0.3074141048824593
1849,36.0,36043.0,12021.45390070922,49297.54609929078,317679.0283687943,81323.1134751773,74470.52482269504,32821.63829787234,54450.716312056735,51431.63829787234,13611.170212765957,6712.014184397163,2459.45390070922,264.01418439716315,134.74468085106383,County,NY,Herkimer County,903366.3253326,553834.17689324,62505,2463,8891,13229,27691,6618,10016,11057,349748.166665636,5.595523024808191,0.19232787618125302,0.7886976417773104,5.082457857272127,1.3010657303444093,1.1914330825165191,0.525104204429603,0.8711417696513356,0.8228403855351146,0.21776130250005532,0.10738363625945385,0.03934811456218254,0.004223889039231472,0.0021557424342222836,14.452704988922488,8.860637979253498,0.03940484761219103,0.14224462043036556,0.21164706823454124,0.23899461919035064,0.3617059694485573,0.39929941136109204
1850,36.0,36045.0,18521.659574468085,91312.34042553192,651977.2269503546,170691.75177304965,158198.66666666666,80791.39716312056,104859.8865248227,103240.70921985815,21749.836879432623,8808.921985815603,2947.1347517730496,402.39716312056737,286.5248226950355,County,NY,Jefferson County,811951.6261556,767989.96230403,114448,3838,15703,23726,36806,9828,13565,13413,689871.833332057,6.027819038620657,0.1618347159799043,0.797850031678421,5.696711405619623,1.4914349903279187,1.3822755021203224,0.7059223154893102,0.9162229704741253,0.9020752588062539,0.19004121417091277,0.07696877172004406,0.025750862852763262,0.0035159824821802683,0.002503537175791936,7.094502535261428,6.710383425695774,0.03353488046973298,0.13720641688801902,0.20730812246609814,0.26702168124762266,0.36855404010215725,0.3644242786502201
1851,36.0,36047.0,768020.8156028369,1791882.184397163,9082533.510638298,2686448.1276595746,2226740.212765957,1184268.2836879434,1514569.4964539008,1145988.6666666667,144470.72340425532,77208.87234042553,75584.29078014185,15555.18439716312,11699.652482269503,County,NY,Kings County,44396.7807006,38712.76372342,2600747,531010,322969,96877,1145625,254937,366984,523704,35644939.833407775,13.705654503651365,0.2953077771897216,0.6889875041275307,3.4922787609245725,1.0329525046686874,0.8561925526650448,0.45535697385710466,0.5823594130662847,0.44063827302950526,0.05554970299081584,0.029687190772660903,0.02906253118051923,0.005981044829490574,0.004498573864458751,0.017070780318347,0.014885247862794805,0.204175954062429,0.1241831673746043,0.037249682495067764,0.22253093289689035,0.3203351882160393,0.45713387888707036
1852,36.0,36049.0,4319.482269503546,21976.517730496453,136504.55319148937,21027.177304964538,25183.7304964539,20455.397163120568,29403.843971631206,27348.617021276597,8096.7163120567375,4104.014184397163,754.2765957446809,70.27659574468085,60.50354609929078,County,NY,Lewis County,815752.9898515,692205.585949,26719,537,2864,6841,9224,2257,3217,3750,121352.333334269,4.541799219067667,0.16166332083923599,0.8225052483437424,5.108894539147774,0.7869747110657037,0.9425401585558554,0.7655749527722059,1.1004844482065648,1.023564393176264,0.3030321610859964,0.1535990936935201,0.02822997102229428,0.002630210552216806,0.0022644390171522428,30.530820384426814,25.906867246116995,0.020098057562034508,0.10718964033085071,0.25603503125116955,0.2446877710320902,0.3487640936686904,0.4065481352992194
1853,36.0,36051.0,10734.964539007093,52179.035460992905,355281.09219858155,82770.1560283688,76686.63120567377,42549.70212765958,57807.7304964539,63146.43971631206,24648.425531914894,6299.992907801418,943.7659574468086,271.5248226950355,156.72340425531914,County,NY,Livingston County,404318.5531767,383293.8936019,63907,1899,7282,15202,28684,6769,8809,13106,517304.83335597103,8.094650560282458,0.16797791382801716,0.8164838822193642,5.559345489517291,1.2951657256383307,1.199972322369596,0.6658065959544271,0.9045602280885333,0.9880989518567929,0.38569210778028845,0.09858063917569936,0.014767802548184213,0.004248749318463321,0.002452366786976687,6.326670836945874,5.997682469868716,0.02971505468884473,0.1139468289858701,0.23787691489195237,0.23598521824013388,0.3071050062752754,0.4569097754845907
1854,36.0,36053.0,12544.836879432623,58396.16312056738,413874.3191489362,108593.18439716312,91549.40425531915,42330.36879432624,68066.37588652482,75679.51773049646,21468.290780141844,4116.985815602837,1581.7801418439717,269.7588652482269,218.65248226950354,County,NY,Madison County,419093.6110476,402336.1487069,71359,1467,8598,15961,31031,7084,10459,13488,428004.666675354,5.997907295160442,0.17579894448398412,0.8183433501109514,5.79988956051705,1.5217868019053395,1.2829412443464616,0.5932029427868417,0.9538583204154322,1.0605462202454696,0.30084909794338266,0.05769399536993003,0.022166512168667888,0.0037803061316474015,0.0030641192038776263,5.873030886750095,5.6381976864431955,0.020558023514903517,0.1204893566333609,0.22367185638812204,0.228287841191067,0.3370500467274661,0.43466211208146693
1855,36.0,36055.0,158000.32624113475,583769.6737588652,3858997.8226950355,1169547.1773049645,955980.9432624114,521854.6170212766,642166.219858156,448655.87234042556,71090.3475177305,35951.45390070922,9621.886524822696,2407.4893617021276,1721.8156028368794,County,NY,Monroe County,420386.3267861,398846.93236446,744248,34000,111280,155516,354967,89480,110923,154564,7805183.666590374,10.487342480719295,0.21229526480572974,0.7843751998780852,5.185096664949097,1.5714481964411924,1.2844924585116941,0.7011837680736484,0.862839026585434,0.6028311427648116,0.09551970246172041,0.04830574472582959,0.012928333733947146,0.0032347945331423497,0.00231349711767701,0.564847103097489,0.5359059511943063,0.04568369683223872,0.14952005245563307,0.20895722931065988,0.25207977079559507,0.31248820312874154,0.4354320260756634
1856,36.0,36057.0,8624.560283687943,40596.43971631206,253936.52482269504,55917.17730496454,65682.51063829787,33963.12056737589,33568.304964539006,41027.63120567376,16650.468085106382,5563.099290780142,1310.4751773049645,125.12056737588652,128.61702127659575,County,NY,Montgomery County,257988.9482875,255412.4912095,49426,2682,7068,9915,19904,4703,7505,7696,299736.500001693,6.0643487233782425,0.1744944014018521,0.8213579839823587,5.137711423596792,1.1313312286036608,1.328906054268965,0.6871509037222492,0.6791628892594789,0.8300819650725075,0.3368767062903408,0.11255410696354433,0.02651388292204436,0.0025314726535808386,0.002602213840419936,5.219701134777243,5.167573568759358,0.05426293853437462,0.1430016590458463,0.20060292153927084,0.23628416398713825,0.37705988745980706,0.3866559485530547
1857,36.0,36059.0,312372.7730496454,1044551.2269503546,5505211.90070922,1449400.9361702127,1405966.7588652482,609485.7943262411,795757.3687943262,924375.6666666666,254263.81560283687,29273.90780141844,25580.312056737588,3917.6099290780144,7189.730496453901,County,NY,Nassau County,182161.1044208,160409.62461913,1356564,31328,125703,288486,682024,133086,165433,383505,18979473.166599534,13.990842427338139,0.23026762692334857,0.7699977494245421,4.05820285715176,1.0684353529728141,1.0364175658982901,0.4492864283043344,0.5865977342715317,0.6814095513861982,0.18743222995954253,0.02157945205785974,0.018856693865337417,0.0028878917095529694,0.005299956726298133,0.13428124616369003,0.11824700096650802,0.023093639518666276,0.09266278627473529,0.2126593363822127,0.19513389558138716,0.2425618453309561,0.5623042590876567
1858,36.0,36061.0,573933.2695035461,1054772.7304964538,5348966.709219858,1954611.8085106383,1102072.304964539,576558.4609929078,848994.7943262411,626347.5106382979,123948.40425531915,65386.75886524823,34857.95035460993,6666.340425531915,9522.375886524822,County,NY,New York County,14502.4220558,11933.302097193,1632480,583837,153156,21140,783712,135352,159304,489056,22446951.66657955,13.750215418614346,0.35157139413870064,0.6461167858083736,3.2765894278765177,1.1973266493375958,0.6750908464205007,0.35317949438456075,0.5200644383552884,0.3836785201890975,0.07592644580963881,0.04005363549032651,0.021352757984544942,0.004083566368673377,0.005833073536291301,0.008883675178746447,0.007309922386303661,0.35763807213564636,0.09381799470743898,0.01294962266000196,0.1727063002735699,0.20326854762974153,0.6240251520966886
1859,36.0,36063.0,40508.56737588652,168772.43262411348,1175171.2978723405,379139.8226950355,292441.70921985817,121610.09929078014,159133.7659574468,181699.5035460993,28771.50354609929,7277.304964539007,3670.2340425531916,1030.4468085106382,396.9078014184397,County,NY,Niagara County,334298.5163288,319285.06232285,211704,8395,32799,47017,98707,24052,33138,41517,1857297.999973377,8.77308884089756,0.19134530937481825,0.7972094652161201,5.551011307638687,1.7908958862139377,1.381370730925529,0.5744345845651482,0.7516804876499584,0.8582714712338892,0.135904392671368,0.034374905360971014,0.01733663059060382,0.004867394137619687,0.0018748242896612238,1.5790845535691342,1.508167357833815,0.03965442315686052,0.15492857952613082,0.22208838755998941,0.24367066165520176,0.3357208708602227,0.4206084674845756
1860,36.0,36065.0,42688.04964539007,185982.95035460993,1320912.8510638298,409284.75886524824,311617.13475177303,155042.3120567376,210630.82978723405,171625.56737588652,38662.60992907801,16905.90780141844,5990.007092198582,730.1276595744681,423.59574468085106,County,NY,Oneida County,775874.7130885,725535.80092923,230782,10058,34179,45777,99571,25000,35435,39136,2099275.833313473,9.096358612515157,0.1849713133840164,0.8058815260921992,5.723638979919707,1.7734691564560852,1.3502662025278098,0.6718128452684248,0.9126830939468158,0.7436696422419709,0.16752870643758183,0.0732548803694328,0.02595526120840699,0.0031637114661215698,0.001835479997057184,3.3619377294958013,3.1438145129569466,0.04358225511521696,0.1481008050887851,0.19835602429998872,0.2510771208484398,0.35587671109057856,0.39304616806098164
1861,36.0,36067.0,95041.21985815602,365486.78014184395,2394264.070921986,722133.2695035461,621153.5531914893,327579.7659574468,384811.29078014183,245227.0780141844,50888.41843971631,25450.4609929078,13422.624113475178,1989.0354609929077,1608.5744680851064,County,NY,Onondaga County,498156.8380078,464088.1977455,464242,22444,68639,94541,208776,51714,65310,91752,5071391.500025519,10.924025616005272,0.2047234413477368,0.7872764207931293,5.157362045919985,1.5555104223735596,1.337995168880647,0.7056228560911051,0.82890236294894,0.5282311337926866,0.10961614511335965,0.05482153918195209,0.028912989590504905,0.004284479777773032,0.0034649481694571074,1.0730542217373698,0.9996687024127503,0.04834547498933746,0.14785176696636668,0.20364594327958263,0.2477008851592137,0.31282331302448557,0.43947580181630075
1862,36.0,36069.0,19787.489361702126,89989.51063829787,618842.5319148937,168566.80141843972,154631.43262411348,63585.54609929078,85558.58865248227,102930.23404255319,34776.55319148936,6004.858156028369,1854.6170212765958,450.8936170212766,483.0070921985816,County,NY,Ontario County,412182.81731189997,397626.10642443,109472,3230,14621,26435,50517,12136,15644,22737,676951.833332522,6.183789766630023,0.18075388557532635,0.8220322149800667,5.652975481537687,1.5398165870582405,1.4125203944763363,0.580838443613808,0.7815568241420845,0.9402425646973946,0.3176753251195681,0.05485291358546815,0.016941473813181413,0.00411880313706954,0.004412151894535421,3.765189430282629,3.632217429337456,0.02950526161940953,0.13355926629640455,0.24147727272727273,0.24023596017182336,0.3096779302017143,0.4500861096264624
1863,36.0,36071.0,75380.87234042553,309559.12765957444,1899215.2482269504,488688.6453900709,478340.8581560284,225717.62411347518,284301.41134751774,263859.52482269506,91264.78723404255,59189.34042553192,6176.631205673759,831.5886524822695,844.8368794326241,County,NY,Orange County,519870.4156764,453597.31155736,378227,12014,39214,75548,167409,38721,48387,80301,3059345.999980859,8.088650466468177,0.199300611380006,0.8184479893280343,5.021363488664083,1.292051189867648,1.2646925210416717,0.5967781890596789,0.751668736889534,0.6976221285701313,0.24129633060051914,0.15649157893416366,0.016330487262077427,0.0021986496270289257,0.0022336768116306455,1.3744931368633122,1.1992726895683279,0.03176399358057463,0.10367847879712448,0.19974248268896722,0.2312958084690787,0.28903463971471066,0.47966955181621057
1864,36.0,36073.0,6411.936170212766,33940.063829787236,238210.52482269504,49631.41843971631,61492.31914893617,26622.978723404256,35662.4609929078,45875.85106382979,15432.709219858156,2213.304964539007,1124.4184397163122,103.64539007092199,51.41843971631206,County,NY,Orleans County,250402.9469225,243428.9897248,41175,1313,5447,9573,18544,4225,6933,7386,223391.333337356,5.425411860045076,0.15572401141986075,0.8242881318709712,5.785319364242746,1.205377497018004,1.4934382306966891,0.6465811468950639,0.8661192712303047,1.114167603250268,0.37480775275915373,0.05375361176779616,0.02730828026026259,0.0025171922300163204,0.0012487781351866924,6.081431619247116,5.912058038246508,0.031888281724347295,0.1322890103217972,0.23249544626593807,0.22783649698015532,0.37386755823986195,0.39829594477998276
1865,36.0,36075.0,21657.787234042553,95466.21276595745,639693.5319148937,159927.3829787234,149241.12765957447,71340.29078014185,93021.21276595745,117144.60992907801,38358.24113475177,6564.177304964539,3552.375886524823,422.45390070921985,121.65957446808511,County,NY,Oswego County,609040.0662398,560573.13657725,119104,3850,15246,26936,50170,11812,16917,21441,929998.499997285,7.808289394120139,0.18183929367647228,0.8015365795099866,5.370882018361211,1.3427540886848754,1.2530320363680016,0.598974768103018,0.7810083017023564,0.9835489146382826,0.3220566994790416,0.055112987850656055,0.029825831932805136,0.003546932938517765,0.0010214566636560075,5.113514795807025,4.70658530844682,0.03232469102632993,0.12800577646426653,0.22615529285330468,0.23543950568068567,0.337193541957345,0.4273669523619693
1866,36.0,36077.0,11022.524822695035,48470.475177304965,326612.6666666667,77062.17730496454,64247.02127659575,38689.51063829787,57905.744680851065,62754.21985815603,17975.489361702126,6611.22695035461,1158.659574468085,145.82269503546098,62.794326241134755,County,NY,Otsego County,641097.7735233,632191.46672938,60244,2063,8250,13243,24593,5402,8870,10321,339429.33333436,5.634242967504814,0.1829646906363295,0.8045693376486449,5.421497023216697,1.2791676732116815,1.0664468042725541,0.6422135090348893,0.9611869178814665,1.0416675496008903,0.2983780851487638,0.10974083643773007,0.019232779604078168,0.0024205347426376235,0.001042333282005424,10.641686699477125,10.49384945769504,0.03424407409866543,0.13694309806785737,0.21982272093486488,0.21965599967470417,0.3606717358597975,0.4196722644654983
1867,36.0,36079.0,18077.687943262412,80242.31205673759,496169.9929078014,126066.85815602836,121083.02127659574,55333.68794326241,69620.0780141844,71321.82978723405,36124.45390070922,15417.078014184397,839.9787234042553,131.1418439716312,231.86524822695034,County,NY,Putnam County,147405.7664001,114116.55077554,99070,1661,9024,24162,47834,9777,10740,27317,725216.499994281,7.320243262282033,0.18247388657779764,0.8099557086578943,5.008276904287891,1.272502858140995,1.222196641532207,0.558531219776546,0.702736227053441,0.719913493360594,0.3646356505572748,0.15561802780038758,0.008478638572769308,0.001323729120537309,0.0023404183731397027,1.4878950883223983,1.1518779729034017,0.016765923084687596,0.09108711012415464,0.24388815988694862,0.20439436384161894,0.22452648743571518,0.5710791487226659
1868,36.0,36081.0,611439.5319148937,1642418.4680851065,8460918.921985816,2392200.212765957,1980853.184397163,1010677.2056737589,1478026.0992907803,1309268.2695035462,170840.45390070922,62481.78723404255,40533.014184397165,6522.120567375887,9516.574468085106,County,NY,Queens County,69616.5858082,60853.154198367,2298513,286815,314331,178088,1024357,216543,325353,482461,32914331.000017334,14.31983678143971,0.26601525939374443,0.714556962734214,3.6810402734227807,1.040759922944076,0.861797685893951,0.43970915355873946,0.6430357797805712,0.5696153423989971,0.07432651192345191,0.02718356921803033,0.017634450701125973,0.002837539125241357,0.004140317878595904,0.030287662418354826,0.026475009799103597,0.12478284873742285,0.13675406665091736,0.07747965750030564,0.2113940745267519,0.31761680742163134,0.47098911805161675
1869,36.0,36083.0,30140.297872340427,128573.70212765958,895148.3687943262,269938.91489361704,204488.39716312056,105898.58156028368,145404.5390070922,131083.83687943264,28381.86524822695,5806.709219858156,3614.0070921985816,255.43262411347519,276.0851063829787,County,NY,Rensselaer County,417562.4553697,402695.44020933,159431,6341,22629,35593,76372,16644,21792,37936,1503329.499996916,9.429342474154437,0.18904916780513467,0.806453588873303,5.614644384055335,1.6931394452372315,1.282613777515794,0.6642282966316694,0.9120217461289974,0.8221979218560546,0.1780197405035843,0.03642145642853746,0.022668157962997044,0.0016021515521666124,0.001731690238303584,2.6190794473452463,2.525828980620645,0.039772691634625636,0.14193600993533254,0.2232501834649472,0.21793327397475515,0.2853401770282302,0.4967265489970146
1870,36.0,36085.0,110921.09929078014,365221.90070921986,2099991.375886525,611898.4042553192,538279.5815602837,268455.90780141845,316447.3333333333,283112.0780141844,48728.04255319149,16300.09219858156,13354.588652482269,1208.290780141844,2207.0567375886526,County,NY,Richmond County,36812.1882835,30721.01593178,474101,27621,59820,78711,208777,43028,56030,109719,6858887.499821678,14.467144131359516,0.23396090556818092,0.7703461935520487,4.429417731425424,1.290649891595502,1.1353690069421571,0.5662420197414021,0.6674681836430071,0.5971556229878958,0.10277987718480132,0.03438105424494266,0.028168235571075086,0.0025485936122088835,0.00465524590243145,0.07764629959333559,0.0647984626309162,0.058259737903948734,0.1261756461175994,0.16602158611772597,0.20609549902527577,0.26837247397941344,0.5255320269953108
1871,36.0,36087.0,66614.17730496454,259174.82269503546,1470255.6595744682,398150.9645390071,410767.93617021275,181255.36879432623,205328.93617021278,161808.695035461,92619.4255319149,11794.95744680851,6335.645390070922,811.2695035460993,1382.4609929078015,County,NY,Rockland County,111001.8634247,74275.69712052,323686,10574,29306,60125,145801,33365,40017,72419,2960025.166637067,9.14474264143975,0.20579875961569094,0.8006982776364608,4.542228145716738,1.2300530901522064,1.2690321366083572,0.5599728403277443,0.6343460519460612,0.499894017768643,0.2861397327407268,0.03643950447905844,0.01957343039263645,0.002506347211637511,0.004270994089666533,0.342930690313143,0.2294683647748744,0.03266746167582163,0.09053836125133617,0.18575100560419666,0.22883930837237057,0.27446313811290735,0.4966975535147221
1872,36.0,36089.0,20021.106382978724,87718.89361702128,608275.8865248227,152144.43262411348,133342.63120567377,79540.77304964539,99368.43262411347,102555.76595744681,28765.127659574468,7851.41134751773,4331.936170212766,275.1985815602837,100.177304964539,County,NY,St. Lawrence County,1714843.6534396,1519188.00454698,109558,4025,14576,23068,36215,9100,12612,14503,626456.999996878,5.718039759733456,0.1827443580841082,0.8006616916794874,5.552090094058149,1.388711300170809,1.2170962522652273,0.7260151978828144,0.9069938537040971,0.9360865108659049,0.2625561589256327,0.0716644274951873,0.03954011729141429,0.002511898552002443,0.0009143769050597766,15.652381874802389,13.866518232780626,0.03673853118895927,0.13304368462366967,0.2105551397433323,0.25127709512632884,0.34825348612453405,0.4004694187491371
1873,36.0,36091.0,45573.10638297872,184289.89361702127,1197589.425531915,326941.87234042556,282321.8510638298,130083.85815602836,200414.36879432623,195117.5744680851,43521.51773049645,10827.09219858156,6808.751773049646,687.1276595744681,865.4113475177305,County,NY,Saratoga County,518385.9367344,479889.61652322,227377,4007,30234,59635,110988,23836,29164,57988,1686930.000000892,7.41908812237338,0.20042971093373,0.8105036728297993,5.266976983300488,1.4378845368723554,1.2416464772770763,0.5721064934273403,0.8814188277368697,0.8581236205424696,0.19140686054656564,0.047617358829527875,0.029944769141336397,0.003021975219896771,0.00380606370704922,2.2798521254761916,2.110545994200029,0.01762271469849633,0.13296859400906863,0.2622736688407359,0.21476195624752226,0.2627671459977655,0.5224708977547122
1874,36.0,36093.0,33194.22695035461,122104.77304964539,812438.5815602837,276261.4680851064,215176.74468085106,100432.68085106384,86987.5744680851,103025.39007092199,17624.007092198583,7340.340425531915,4686.7943262411345,530.9858156028369,372.59574468085106,County,NY,Schenectady County,130929.0472229,127365.63600316,154883,6090,19350,27855,75141,17367,22930,34844,1745669.999965093,11.27089480423993,0.21431807848733955,0.7883678199004758,5.245498741374352,1.7836784416953855,1.389285749119342,0.6484422489948144,0.5616341010187375,0.665182041095033,0.11378916402832191,0.047392808930172545,0.03026022433863713,0.0034283027550011096,0.002405659398906601,0.8453416270533242,0.8223345105864427,0.03932000284085407,0.12493301395246735,0.17984543171297043,0.23112548408991096,0.3051596332228743,0.4637148826872147
1875,36.0,36095.0,5496.63829787234,25502.36170212766,161645.60992907803,34178.5390070922,36326.18439716312,16009.702127659575,26401.85106382979,25697.23404255319,17568.212765957447,3893.7375886524824,1362.1843971631206,143.58156028368793,64.38297872340425,County,NY,Schoharie County,397955.4319052,386628.85847680003,31364,799,4293,7467,11173,2766,3899,4508,148669.333330258,4.740126684423479,0.17525310221503446,0.8131093515536175,5.153858242860542,1.0897378844245695,1.1582127406313965,0.5104483524952039,0.8417883899958484,0.8193226005150233,0.5601394199068183,0.12414671561830386,0.04343146273316926,0.004577909714439738,0.0020527668257685323,12.688286950172172,12.327154013416656,0.025475066955745442,0.136876673893636,0.2380755005739064,0.2475610847578985,0.3489662579432561,0.4034726572988454
1876,36.0,36097.0,2522.375886524823,15284.624113475178,113371.7304964539,21338.921985815603,30458.936170212764,15965.645390070922,17615.49645390071,21117.71631205674,4819.262411347518,1682.0070921985816,320.6737588652482,36.57446808510638,16.49645390070922,County,NY,Schuyler County,210135.1755751,181819.6996682,17992,450,2418,4436,7550,1799,2605,3146,84882.999998561,4.717819030600323,0.14019430227461221,0.8495233500152944,6.301230018700195,1.1860227871173634,1.6929155274684728,0.8873746881986951,0.9790738358103995,1.1737281187225843,0.26785584767382825,0.0934863879612373,0.017823130217054704,0.0020328183684474423,0.0009168771621114506,11.679367250728102,10.105585797476655,0.02501111605157848,0.13439306358381503,0.24655402401067142,0.23827814569536424,0.34503311258278146,0.4166887417218543
1877,36.0,36099.0,5527.397163120568,28488.602836879432,201556.72340425532,46054.645390070924,55690.82978723404,24127.624113475176,31363.382978723403,32668.41843971631,7826.780141843971,2717.248226950355,914.2411347517731,89.12056737588652,104.43262411347517,County,NY,Seneca County,207169.5364819,192017.58592642,34612,1098,4295,8129,13318,3336,4709,5273,205061.166669722,5.924568550494684,0.15969597720792117,0.8230845613336251,5.823319178442602,1.3305976363709384,1.6090035186419174,0.6970884119228931,0.9061418865920318,0.94384659770358,0.2261290922756261,0.07850595825003914,0.02641399326105897,0.0025748459313500094,0.003017237493166392,5.985482967811741,5.547717147995493,0.03172310181439963,0.12408991101352132,0.23486074193921183,0.250488061270461,0.3535816188616909,0.39593031986784805
1878,36.0,36101.0,17615.7304964539,77763.2695035461,538201.5531914893,125752.5035460993,142244.4184397163,61498.99290780142,84043.8439716312,83576.27659574468,27326.787234042553,11103.106382978724,2256.326241134752,300.83687943262413,98.46099290780141,County,NY,Steuben County,889935.663908,879283.84716855,96927,3601,13991,22591,39151,9473,13221,16457,624514.999992281,6.443147935995966,0.18174224412654783,0.8022869737384433,5.5526484177936934,1.29739395159346,1.4675417421329073,0.6344877372435072,0.8670839288498684,0.8622600162570252,0.28193163137250254,0.11455122290980556,0.023278614226528747,0.0031037469377224523,0.0010158262703663728,9.181504265147998,9.07160901677087,0.03715167084506897,0.14434574473572895,0.23307231215244462,0.2419606140328472,0.3376925238180378,0.420346862149115
1879,36.0,36103.0,298664.24113475176,1177936.7588652482,6630727.312056738,1685458.255319149,1688755.425531915,749233.2836879432,960125.390070922,996364.1134751773,391192.95035460993,121266.05673758865,27225.85106382979,5039.758865248227,6066.22695035461,County,NY,Suffolk County,583543.5521388,486422.22643433,1487901,25656,129710,332615,749041,158123,204315,386603,12731950.166724522,8.55698743849525,0.20072857074143494,0.7916768379517509,4.456430442654947,1.1327758065349436,1.1349917941663559,0.5035504940771888,0.6452884903437272,0.6696440915593022,0.2629159805354052,0.08150142834609873,0.01829816033716611,0.003387160076677297,0.004077036678081815,0.39219245913457956,0.32691840816985135,0.01724308270509933,0.08717649897405809,0.22354645907220977,0.2111005939594762,0.2727687803471372,0.5161306256933866
1880,36.0,36105.0,12632.758865248226,62799.24113475177,427436.9858156028,92664.44680851063,100343.9645390071,50541.58156028369,67582.06382978724,81419.01418439717,21251.82978723404,9437.702127659575,3932.8439716312055,185.20567375886526,78.33333333333333,County,NY,Sullivan County,619594.2898848,575880.3544582,75211,2840,10325,14725,30376,7015,10798,12563,458756.166669752,6.099588712685006,0.16796424545941718,0.8349741545086725,5.683171156022428,1.2320597626478924,1.3341660733005425,0.6719972020087978,0.8985662181035651,1.0825413062503777,0.2825627871884969,0.12548300285409814,0.05229080814815925,0.002462481203000429,0.0010415143174978836,8.23808073133983,7.656863417029425,0.03776043397907221,0.13728045099785935,0.19578253181050645,0.2309388991308928,0.3554780089544377,0.41358309191466947
1881,36.0,36107.0,7743.219858156029,40459.78014184397,279524.8439716312,60637.36879432624,69850.4255319149,37145.85106382979,36185.0,55790.283687943265,13987.14184397163,4041.54609929078,1727.113475177305,100.2127659574468,59.90070921985816,County,NY,Tioga County,331903.3683663,321570.49484383,49045,1065,6379,12601,22604,5194,7619,9791,284224.666672134,5.795181296200102,0.15787990331646506,0.8249521896593734,5.69935455136367,1.2363618879462992,1.4242109395843592,0.7573830372888121,0.7377918238352533,1.137532545375538,0.28518996521503986,0.08240485471079173,0.03521487358909787,0.0020432820054530902,0.001221341813025959,6.767323241233561,6.55664175438536,0.02171475175858905,0.13006422673055357,0.256927311652564,0.22978233940895418,0.33706423641833305,0.4331534241727128
1882,36.0,36109.0,19599.560283687944,82580.43971631206,531655.9007092199,131321.64539007092,139836.96453900708,66462.68794326241,86231.00709219858,83634.1560283688,15961.425531914894,5592.22695035461,1784.2340425531916,443.5673758865248,387.98581560283685,County,NY,Tompkins County,303763.7263534,271649.71596092003,102962,5808,14901,18617,40613,8963,11282,20368,671594.333321241,6.52273978090209,0.1903572219235052,0.8020477430150158,5.16361279607253,1.2754379809062655,1.3581414943280732,0.6455069631831395,0.8375032253860509,0.8122817741338436,0.1550224891893601,0.05431350352901663,0.01732905385048068,0.00430806876213093,0.003768242804168886,2.950250833835784,2.6383492546854184,0.05640916066121482,0.1447232959732717,0.18081428099687263,0.2206928815896388,0.27779282495752594,0.5015142934528353
1883,36.0,36111.0,33998.65248226951,143574.3475177305,912986.7021276596,216782.29078014183,239232.5390070922,108802.79432624113,151870.54609929078,142843.79432624113,34849.29787234042,14608.978723404256,3435.3971631205673,310.78723404255317,250.27659574468086,County,NY,Ulster County,719495.3918514,513346.81444725,179303,5230,23375,40934,77132,18209,23504,35419,1137093.999989939,6.3417455368283795,0.18961563656084676,0.8007358912998137,5.0918651786509965,1.2090276837539908,1.3342361199036947,0.606809670369381,0.8470050478758904,0.796661485453345,0.19435981479585074,0.08147648797512733,0.019159730529442157,0.001733307496486691,0.0013958304977868795,4.012734822347646,2.863012969371678,0.029168502479043852,0.13036591691159657,0.22829512055013024,0.23607581807809988,0.3047243686148421,0.45919981330705806
1884,36.0,36113.0,13391.354609929078,50552.645390070924,342821.6241134752,97064.83687943262,78804.3475177305,49734.51063829787,64499.81560283688,31462.652482269503,13089.475177304965,5789.49645390071,2000.163120567376,215.73758865248226,160.5886524822695,County,NY,Warren County,555006.9498877,355687.3153589,64480,2561,9408,15584,29137,7426,9823,11888,484339.166654892,7.511463502712345,0.20768229854108372,0.7840050463720677,5.316712532777221,1.5053479664924414,1.2221517915280784,0.7713168523309223,1.000307313939778,0.4879443623180754,0.20300054555373703,0.08978747602203334,0.031019899512521338,0.0033458062756278268,0.0024905188040054206,8.60742788287376,5.516242483853908,0.03971774193548387,0.14590570719602977,0.24168734491315136,0.254864948347462,0.3371314823077187,0.4080035693448193
1885,36.0,36115.0,10382.808510638299,50821.1914893617,325109.9716312057,68767.86524822695,74194.75886524822,42718.82978723404,57845.97872340425,54191.48226950355,21069.82978723404,4249.439716312057,1769.3687943262412,186.14893617021278,116.26950354609929,County,NY,Washington County,531935.5313216,500708.3105118,61828,1741,7994,14274,26783,6546,9443,10794,355200.333332965,5.744975307837306,0.16793052517691498,0.8219769601048343,5.258296752785238,1.1122446989750105,1.200018743372715,0.6909301576508061,0.9355951789384138,0.8764877121935619,0.3407813577543191,0.06873002064294587,0.028617597113382954,0.0030107546123150156,0.001880531531767149,8.60347304330724,8.098407040690303,0.028158763019990943,0.12929417092579415,0.23086627417998318,0.24440876675503118,0.3525743942052795,0.4030168390396894
1886,36.0,36117.0,15366.836879432623,74551.16312056738,520782.25531914894,125431.17021276595,130626.86524822695,63934.14893617021,75804.81560283688,92248.97163120567,25638.0,4777.687943262411,1937.8652482269504,227.60283687943263,155.12765957446808,County,NY,Wayne County,386442.8944112,368370.7244933,90856,2471,11891,22142,43872,10101,14690,19081,550752.833321894,6.06182127016261,0.16913397991803097,0.8205419908488969,5.7319522686355215,1.3805491130224306,1.4377351550610522,0.7036865912671724,0.8343402263233786,1.0153316416219695,0.28218279475213526,0.05258527717775833,0.02132897385122557,0.002505094180675273,0.0017074013777237395,4.253355798309413,4.0544457657535,0.027196882979660122,0.1308774324205336,0.2437043233248217,0.23023796498905907,0.3348377097009482,0.4349243253099927
1887,36.0,36119.0,225449.2269503546,742056.7730496454,4132038.4822695036,1138677.2836879434,1019605.3971631206,467661.25531914894,556450.8226950355,671394.6241134752,216854.58865248226,42248.425531914894,15803.801418439716,1409.8936170212767,1932.3900709219859,County,NY,Westchester County,275570.7582175,246672.46429665,968815,50391,123088,173853,424449,78712,99640,246097,12471096.333302839,12.872526058435138,0.23270616882516745,0.7659426960251909,4.265043875527839,1.1753299481200676,1.0524252795044673,0.48271471366478524,0.5743623113752734,0.6930060167456895,0.22383487936549523,0.04360835198868194,0.01631250694760064,0.0014552764119272273,0.001994591403851082,0.2844410524377719,0.25461255688304785,0.052013026222756664,0.12705005599624283,0.17944912083318282,0.1854451300391802,0.23475140711840528,0.5798034628424145
1888,36.0,36121.0,5309.234042553191,34549.765957446805,261750.85815602838,59987.36879432624,60229.4609929078,30636.560283687944,47455.51773049645,43224.82978723404,15748.468085106382,3717.54609929078,611.1205673758865,100.82978723404256,39.156028368794324,County,NY,Wyoming County,379352.7500522,368078.67189732,40565,1066,5233,9516,17349,4100,6021,7228,223902.16667873,5.519589958800197,0.13088214082468116,0.8517136930222311,6.452628082239082,1.47879622320538,1.4847642300729151,0.755246155150695,1.169863619635066,1.0655695744418598,0.38822798188355434,0.0916441784615008,0.015065217980423677,0.0024856350852716026,0.0009652663224157358,9.35172562682608,9.073799381173918,0.026278811783557253,0.12900283495624307,0.23458646616541354,0.23632486022249122,0.3470517032681999,0.4166234365093089
1889,36.0,36123.0,4089.503546099291,20823.49645390071,143675.64539007092,32253.517730496453,38186.26241134752,13199.765957446809,20280.744680851065,26293.191489361703,9258.539007092199,3216.673758865248,741.9432624113475,169.1418439716312,75.86524822695036,County,NY,Yates County,216410.5405306,210741.5398299,25009,1154,2703,5172,8667,2334,3138,3195,134675.833337397,5.385094699404094,0.16352127418526494,0.8326401077172502,5.744957630855729,1.2896764257066038,1.5269008121615226,0.5278006300710468,0.8109378496081836,1.0513491738718743,0.3702082853009796,0.1286206469217181,0.029667050358324905,0.00676323899282783,0.003033517862647461,8.653306430908874,8.42662800711344,0.046143388380183135,0.10808109080730936,0.20680555000199927,0.26929733471789546,0.36206299757701627,0.36863966770508827
